DRUG,INTERACTION,,
Abacavir,Cefotaxime may decrease the excretion rate of Abacavir which could result in a higher serum level.,,
Abciximab,The therapeutic efficacy of Abciximab can be decreased when used in combination with Cefotaxime.,,
Acarbose,Cefotaxime may decrease the excretion rate of Acarbose which could result in a higher serum level.,,
Aceclofenac,Cefotaxime may decrease the excretion rate of Aceclofenac which could result in a higher serum level.,,
Acemetacin,The risk or severity of nephrotoxicity can be increased when Cefotaxime is combined with Acemetacin.,,
Acenocoumarol,The risk or severity of bleeding can be increased when Cefotaxime is combined with Acenocoumarol.,,
Acetaminophen,Cefotaxime may decrease the excretion rate of Acetaminophen which could result in a higher serum level.,,
Acetazolamide,The therapeutic efficacy of Acetazolamide can be decreased when used in combination with Cefotaxime.,,
Acetylsalicylic acid,The risk or severity of nephrotoxicity can be increased when Cefotaxime is combined with Acetylsalicylic acid.,,
Aclidinium,Cefotaxime may decrease the excretion rate of Aclidinium which could result in a higher serum level.,,
Acrivastine,Cefotaxime may decrease the excretion rate of Acrivastine which could result in a higher serum level.,,
Acyclovir,Cefotaxime may decrease the excretion rate of Acyclovir which could result in a higher serum level.,,
Adefovir Dipivoxil,The risk or severity of nephrotoxicity can be increased when Cefotaxime is combined with Adefovir Dipivoxil.,,
Adenovirus type 7 vaccine live,The therapeutic efficacy of Adenovirus type 7 vaccine live can be decreased when used in combination with Cefotaxime.,,
Albutrepenonacog alfa,Cefotaxime may decrease the excretion rate of Albutrepenonacog alfa which could result in a higher serum level.,,
Alclofenac,Cefotaxime may decrease the excretion rate of Alclofenac which could result in a higher serum level.,,
Aldesleukin,Cefotaxime may decrease the excretion rate of Aldesleukin which could result in a higher serum level.,,
Alendronic acid,The risk or severity of nephrotoxicity and hypocalcemia can be increased when Cefotaxime is combined with Alendronic acid.,,
Allopurinol,Cefotaxime may decrease the excretion rate of Allopurinol which could result in a higher serum level.,,
Almasilate,Cefotaxime may decrease the excretion rate of Almasilate which could result in a higher serum level.,,
Almotriptan,Cefotaxime may decrease the excretion rate of Almotriptan which could result in a higher serum level.,,
Alogliptin,Cefotaxime may decrease the excretion rate of Alogliptin which could result in a higher serum level.,,
Alprazolam,Cefotaxime may decrease the excretion rate of Alprazolam which could result in a higher serum level.,,
Alprostadil,The excretion of Alprostadil can be decreased when combined with Cefotaxime.,,
Alteplase,The therapeutic efficacy of Alteplase can be decreased when used in combination with Cefotaxime.,,
Amantadine,Cefotaxime may decrease the excretion rate of Amantadine which could result in a higher serum level.,,
Amifampridine,The risk or severity of seizure can be increased when Cefotaxime is combined with Amifampridine.,,
Amikacin,The risk or severity of nephrotoxicity can be increased when Amikacin is combined with Cefotaxime.,,
Aminohippuric acid,The excretion of Aminohippuric acid can be decreased when combined with Cefotaxime.,,
Aminophenazone,The risk or severity of nephrotoxicity can be increased when Cefotaxime is combined with Aminophenazone.,,
Amitriptyline,Cefotaxime may decrease the excretion rate of Amitriptyline which could result in a higher serum level.,,
Ammonium chloride,Cefotaxime may decrease the excretion rate of Ammonium chloride which could result in a higher serum level.,,
Amobarbital,The therapeutic efficacy of Amobarbital can be decreased when used in combination with Cefotaxime.,,
Amoxicillin,Cefotaxime may decrease the excretion rate of Amoxicillin which could result in a higher serum level.,,
Amphetamine,Cefotaxime may decrease the excretion rate of Amphetamine which could result in a higher serum level.,,
Amphotericin B,The risk or severity of nephrotoxicity can be increased when Cefotaxime is combined with Amphotericin B.,,
Ampicillin,Cefotaxime may decrease the excretion rate of Ampicillin which could result in a higher serum level.,,
Amrinone,Cefotaxime may decrease the excretion rate of Amrinone which could result in a higher serum level.,,
Anagrelide,The therapeutic efficacy of Anagrelide can be decreased when used in combination with Cefotaxime.,,
Ancestim,Cefotaxime may decrease the excretion rate of Ancestim which could result in a higher serum level.,,
Ancrod,The therapeutic efficacy of Ancrod can be decreased when used in combination with Cefotaxime.,,
Anistreplase,The therapeutic efficacy of Anistreplase can be decreased when used in combination with Cefotaxime.,,
Anthrax immune globulin human,The therapeutic efficacy of Anthrax immune globulin human can be decreased when used in combination with Cefotaxime.,,
Anthrax vaccine,The therapeutic efficacy of Anthrax vaccine can be decreased when used in combination with Cefotaxime.,,
Antihemophilic Factor (Recombinant), PEGylated,Cefotaxime may decrease the excretion rate of Antihemophilic Factor (Recombinant), PEGylated which could result in a higher serum level.
Antipyrine,The risk or severity of nephrotoxicity can be increased when Cefotaxime is combined with Antipyrine.,,
Antithrombin Alfa,The therapeutic efficacy of Antithrombin Alfa can be decreased when used in combination with Cefotaxime.,,
Antithrombin III human,Cefotaxime may decrease the excretion rate of Antithrombin III human which could result in a higher serum level.,,
Antrafenine,The risk or severity of nephrotoxicity can be increased when Cefotaxime is combined with Antrafenine.,,
Apalutamide,Cefotaxime may decrease the excretion rate of Apalutamide which could result in a higher serum level.,,
Apixaban,The therapeutic efficacy of Apixaban can be decreased when used in combination with Cefotaxime.,,
Apremilast,Cefotaxime may decrease the excretion rate of Apremilast which could result in a higher serum level.,,
Ardeparin,The therapeutic efficacy of Ardeparin can be decreased when used in combination with Cefotaxime.,,
Arformoterol,Cefotaxime may decrease the excretion rate of Arformoterol which could result in a higher serum level.,,
Argatroban,The therapeutic efficacy of Argatroban can be decreased when used in combination with Cefotaxime.,,
Arsenic trioxide,Cefotaxime may decrease the excretion rate of Arsenic trioxide which could result in a higher serum level.,,
Atazanavir,The risk or severity of nephrotoxicity can be increased when Cefotaxime is combined with Atazanavir.,,
Auranofin,Cefotaxime may decrease the excretion rate of Auranofin which could result in a higher serum level.,,
Aurothioglucose,Cefotaxime may decrease the excretion rate of Aurothioglucose which could result in a higher serum level.,,
Avibactam,The excretion of Avibactam can be decreased when combined with Cefotaxime.,,
Azacitidine,Cefotaxime may decrease the excretion rate of Azacitidine which could result in a higher serum level.,,
Azathioprine,Cefotaxime may decrease the excretion rate of Azathioprine which could result in a higher serum level.,,
Azelaic acid,Cefotaxime may decrease the excretion rate of Azelaic acid which could result in a higher serum level.,,
Azlocillin,The risk or severity of seizure and encephalopathy can be increased when Cefotaxime is combined with Azlocillin.,,
Aztreonam,Cefotaxime may decrease the excretion rate of Aztreonam which could result in a higher serum level.,,
Bacillus calmette-guerin substrain connaught live antigen,The therapeutic efficacy of Bacillus calmette-guerin substrain connaught live antigen can be decreased when used in combination with Cefotaxime.,,
Bacillus calmette-guerin substrain tice live antigen,The therapeutic efficacy of Bacillus calmette-guerin substrain tice live antigen can be decreased when used in combination with Cefotaxime.,,
Bacitracin,The risk or severity of nephrotoxicity can be increased when Cefotaxime is combined with Bacitracin.,,
Baclofen,Cefotaxime may decrease the excretion rate of Baclofen which could result in a higher serum level.,,
Balsalazide,The risk or severity of nephrotoxicity can be increased when Cefotaxime is combined with Balsalazide.,,
Baricitinib,Cefotaxime may decrease the excretion rate of Baricitinib which could result in a higher serum level.,,
Bemiparin,The therapeutic efficacy of Bemiparin can be decreased when used in combination with Cefotaxime.,,
Bendazac,The risk or severity of nephrotoxicity can be increased when Cefotaxime is combined with Bendazac.,,
Benorilate,The risk or severity of nephrotoxicity can be increased when Cefotaxime is combined with Benorilate.,,
Benoxaprofen,The risk or severity of nephrotoxicity can be increased when Cefotaxime is combined with Benoxaprofen.,,
Benserazide,Cefotaxime may decrease the excretion rate of Benserazide which could result in a higher serum level.,,
Benzatropine,Cefotaxime may decrease the excretion rate of Benzatropine which could result in a higher serum level.,,
Benznidazole,Cefotaxime may decrease the excretion rate of Benznidazole which could result in a higher serum level.,,
Benzydamine,Cefotaxime may decrease the excretion rate of Benzydamine which could result in a higher serum level.,,
Benzylpenicillin,The excretion of Benzylpenicillin can be decreased when combined with Cefotaxime.,,
Betrixaban,The therapeutic efficacy of Betrixaban can be decreased when used in combination with Cefotaxime.,,
Bicisate,Cefotaxime may decrease the excretion rate of Bicisate which could result in a higher serum level.,,
Bismuth subgallate,Cefotaxime may decrease the excretion rate of Bismuth subgallate which could result in a higher serum level.,,
Bisoprolol,Cefotaxime may decrease the excretion rate of Bisoprolol which could result in a higher serum level.,,
Bisoxatin,Cefotaxime may decrease the excretion rate of Bisoxatin which could result in a higher serum level.,,
Bivalirudin,The therapeutic efficacy of Bivalirudin can be decreased when used in combination with Cefotaxime.,,
Bleomycin,Cefotaxime may decrease the excretion rate of Bleomycin which could result in a higher serum level.,,
Brivaracetam,Cefotaxime may decrease the excretion rate of Brivaracetam which could result in a higher serum level.,,
Bromazepam,Cefotaxime may decrease the excretion rate of Bromazepam which could result in a higher serum level.,,
Budesonide,Cefotaxime may decrease the excretion rate of Budesonide which could result in a higher serum level.,,
Bumadizone,The risk or severity of nephrotoxicity can be increased when Cefotaxime is combined with Bumadizone.,,
Bumetanide,Cefotaxime may decrease the excretion rate of Bumetanide which could result in a higher serum level.,,
Bupropion,Cefotaxime may decrease the excretion rate of Bupropion which could result in a higher serum level.,,
Buspirone,Cefotaxime may decrease the excretion rate of Buspirone which could result in a higher serum level.,,
Butabarbital,Cefotaxime may decrease the excretion rate of Butabarbital which could result in a higher serum level.,,
Butalbital,The therapeutic efficacy of Butalbital can be decreased when used in combination with Cefotaxime.,,
Canagliflozin,Cefotaxime may decrease the excretion rate of Canagliflozin which could result in a higher serum level.,,
Cangrelor,The therapeutic efficacy of Cangrelor can be decreased when used in combination with Cefotaxime.,,
Cannabidiol,The therapeutic efficacy of Cannabidiol can be decreased when used in combination with Cefotaxime.,,
Capecitabine,Cefotaxime may decrease the excretion rate of Capecitabine which could result in a higher serum level.,,
Capreomycin,Cefotaxime may decrease the excretion rate of Capreomycin which could result in a higher serum level.,,
Captopril,The excretion of Captopril can be decreased when combined with Cefotaxime.,,
Carbamazepine,Cefotaxime may decrease the excretion rate of Carbamazepine which could result in a higher serum level.,,
Carbidopa,Cefotaxime may decrease the excretion rate of Carbidopa which could result in a higher serum level.,,
Carboplatin,Cefotaxime may decrease the excretion rate of Carboplatin which could result in a higher serum level.,,
Carmustine,Cefotaxime may decrease the excretion rate of Carmustine which could result in a higher serum level.,,
Carprofen,The risk or severity of nephrotoxicity can be increased when Cefotaxime is combined with Carprofen.,,
Cefaclor,Cefotaxime may decrease the excretion rate of Cefaclor which could result in a higher serum level.,,
Cefadroxil,Cefotaxime may decrease the excretion rate of Cefadroxil which could result in a higher serum level.,,
Cefalotin,The risk or severity of nephrotoxicity can be increased when Cefalotin is combined with Cefotaxime.,,
Cefamandole,The risk or severity of nephrotoxicity can be increased when Cefotaxime is combined with Cefamandole.,,
Cefapirin,The risk or severity of nephrotoxicity can be increased when Cefotaxime is combined with Cefapirin.,,
Cefazolin,The risk or severity of nephrotoxicity can be increased when Cefotaxime is combined with Cefazolin.,,
Cefdinir,The excretion of Cefdinir can be decreased when combined with Cefotaxime.,,
Cefditoren,The risk or severity of nephrotoxicity can be increased when Cefotaxime is combined with Cefditoren.,,
Cefepime,The risk or severity of nephrotoxicity can be increased when Cefotaxime is combined with Cefepime.,,
Cefmenoxime,The risk or severity of nephrotoxicity can be increased when Cefmenoxime is combined with Cefotaxime.,,
Cefmetazole,The risk or severity of nephrotoxicity can be increased when Cefmetazole is combined with Cefotaxime.,,
Cefonicid,The risk or severity of nephrotoxicity can be increased when Cefotaxime is combined with Cefonicid.,,
Cefoperazone,The risk or severity of nephrotoxicity can be increased when Cefotaxime is combined with Cefoperazone.,,
Ceforanide,The risk or severity of nephrotoxicity can be increased when Cefotaxime is combined with Ceforanide.,,
Cefotetan,Cefotaxime may decrease the excretion rate of Cefotetan which could result in a higher serum level.,,
Cefotiam,The risk or severity of nephrotoxicity can be increased when Cefotiam is combined with Cefotaxime.,,
Cefoxitin,The risk or severity of nephrotoxicity can be increased when Cefotaxime is combined with Cefoxitin.,,
Cefpiramide,The risk or severity of nephrotoxicity can be increased when Cefpiramide is combined with Cefotaxime.,,
Cefpirome,The risk or severity of nephrotoxicity can be increased when Cefotaxime is combined with Cefpirome.,,
Cefpodoxime,The risk or severity of nephrotoxicity can be increased when Cefotaxime is combined with Cefpodoxime.,,
Cefprozil,The risk or severity of nephrotoxicity can be increased when Cefotaxime is combined with Cefprozil.,,
Cefradine,Cefotaxime may decrease the excretion rate of Cefradine which could result in a higher serum level.,,
Ceftaroline fosamil,The risk or severity of nephrotoxicity can be increased when Cefotaxime is combined with Ceftaroline fosamil.,,
Ceftazidime,Cefotaxime may decrease the excretion rate of Ceftazidime which could result in a higher serum level.,,
Ceftibuten,Cefotaxime may decrease the excretion rate of Ceftibuten which could result in a higher serum level.,,
Ceftizoxime,The risk or severity of nephrotoxicity can be increased when Cefotaxime is combined with Ceftizoxime.,,
Ceftobiprole,The risk or severity of nephrotoxicity can be increased when Cefotaxime is combined with Ceftobiprole.,,
Ceftolozane,Cefotaxime may decrease the excretion rate of Ceftolozane which could result in a higher serum level.,,
Ceftriaxone,Cefotaxime may decrease the excretion rate of Ceftriaxone which could result in a higher serum level.,,
Cefuroxime,The risk or severity of nephrotoxicity can be increased when Cefotaxime is combined with Cefuroxime.,,
Celecoxib,The risk or severity of nephrotoxicity can be increased when Celecoxib is combined with Cefotaxime.,,
Cephalexin,Cefotaxime may decrease the excretion rate of Cephalexin which could result in a higher serum level.,,
Cephaloglycin,The risk or severity of nephrotoxicity can be increased when Cefotaxime is combined with Cephaloglycin.,,
Certoparin,The therapeutic efficacy of Certoparin can be decreased when used in combination with Cefotaxime.,,
Cetirizine,Cefotaxime may decrease the excretion rate of Cetirizine which could result in a higher serum level.,,
Cevimeline,Cefotaxime may decrease the excretion rate of Cevimeline which could result in a higher serum level.,,
Chloral hydrate,Cefotaxime may decrease the excretion rate of Chloral hydrate which could result in a higher serum level.,,
Chloroquine,Cefotaxime may decrease the excretion rate of Chloroquine which could result in a higher serum level.,,
Chlorpromazine,Cefotaxime may decrease the excretion rate of Chlorpromazine which could result in a higher serum level.,,
Chlorpropamide,Cefotaxime may decrease the excretion rate of Chlorpropamide which could result in a higher serum level.,,
Chlorzoxazone,Cefotaxime may decrease the excretion rate of Chlorzoxazone which could result in a higher serum level.,,
Cholic Acid,The excretion of Cholic Acid can be decreased when combined with Cefotaxime.,,
Choline C 11,Cefotaxime may decrease the excretion rate of Choline C 11 which could result in a higher serum level.,,
Choline magnesium trisalicylate,The risk or severity of nephrotoxicity can be increased when Cefotaxime is combined with Choline magnesium trisalicylate.,,
Choline salicylate,Cefotaxime may decrease the excretion rate of Choline salicylate which could result in a higher serum level.,,
Chondroitin sulfate,Cefotaxime may decrease the excretion rate of Chondroitin sulfate which could result in a higher serum level.,,
Chromic chloride,Cefotaxime may decrease the excretion rate of Chromic chloride which could result in a higher serum level.,,
Chromic nitrate,Cefotaxime may decrease the excretion rate of Chromic nitrate which could result in a higher serum level.,,
Chromium,Cefotaxime may decrease the excretion rate of Chromium which could result in a higher serum level.,,
Chromium gluconate,Cefotaxime may decrease the excretion rate of Chromium gluconate which could result in a higher serum level.,,
Chromium nicotinate,Cefotaxime may decrease the excretion rate of Chromium nicotinate which could result in a higher serum level.,,
Chromous sulfate,Cefotaxime may decrease the excretion rate of Chromous sulfate which could result in a higher serum level.,,
Ciclosporin,The risk or severity of nephrotoxicity can be increased when Ciclosporin is combined with Cefotaxime.,,
Cidofovir,Cefotaxime may decrease the excretion rate of Cidofovir which could result in a higher serum level.,,
Cilostazol,Cefotaxime may decrease the excretion rate of Cilostazol which could result in a higher serum level.,,
Cimetidine,Cefotaxime may decrease the excretion rate of Cimetidine which could result in a higher serum level.,,
Cinnamaldehyde,Cefotaxime may decrease the excretion rate of Cinnamaldehyde which could result in a higher serum level.,,
Cinnamyl alcohol,Cefotaxime may decrease the excretion rate of Cinnamyl alcohol which could result in a higher serum level.,,
Ciprofloxacin,Cefotaxime may decrease the excretion rate of Ciprofloxacin which could result in a higher serum level.,,
Cisplatin,Cefotaxime may decrease the excretion rate of Cisplatin which could result in a higher serum level.,,
Clevidipine,Cefotaxime may decrease the excretion rate of Clevidipine which could result in a higher serum level.,,
Clobazam,Cefotaxime may decrease the excretion rate of Clobazam which could result in a higher serum level.,,
Clodronic acid,The risk or severity of nephrotoxicity and hypocalcemia can be increased when Cefotaxime is combined with Clodronic acid.,,
Clofarabine,Cefotaxime may decrease the excretion rate of Clofarabine which could result in a higher serum level.,,
Clomipramine,Cefotaxime may decrease the excretion rate of Clomipramine which could result in a higher serum level.,,
Clonazepam,Cefotaxime may decrease the excretion rate of Clonazepam which could result in a higher serum level.,,
Clorazepic acid,Cefotaxime may decrease the excretion rate of Clorazepic acid which could result in a higher serum level.,,
Clostridium tetani toxoid antigen (formaldehyde inactivated),The therapeutic efficacy of Clostridium tetani toxoid antigen (formaldehyde inactivated) can be decreased when used in combination with Cefotaxime.,,
Clove oil,Cefotaxime may decrease the excretion rate of Clove oil which could result in a higher serum level.,,
Clozapine,Cefotaxime may decrease the excretion rate of Clozapine which could result in a higher serum level.,,
Codeine,Cefotaxime may decrease the excretion rate of Codeine which could result in a higher serum level.,,
Colchicine,Cefotaxime may decrease the excretion rate of Colchicine which could result in a higher serum level.,,
Colistimethate,The risk or severity of nephrotoxicity can be increased when Cefotaxime is combined with Colistimethate.,,
Conjugated estrogens,Cefotaxime may decrease the excretion rate of Conjugated estrogens which could result in a higher serum level.,,
Corifollitropin alfa,Cefotaxime may decrease the excretion rate of Corifollitropin alfa which could result in a higher serum level.,,
Corynebacterium diphtheriae toxoid antigen (formaldehyde inactivated),The therapeutic efficacy of Corynebacterium diphtheriae toxoid antigen (formaldehyde inactivated) can be decreased when used in combination with Cefotaxime.,,
Cyanocobalamin,Cefotaxime may decrease the excretion rate of Cyanocobalamin which could result in a higher serum level.,,
Dabigatran etexilate,Cefotaxime may decrease the excretion rate of Dabigatran etexilate which could result in a higher serum level.,,
Dacarbazine,Cefotaxime may decrease the excretion rate of Dacarbazine which could result in a higher serum level.,,
Dalfampridine,Cefotaxime may decrease the excretion rate of Dalfampridine which could result in a higher serum level.,,
Dalteparin,The therapeutic efficacy of Dalteparin can be decreased when used in combination with Cefotaxime.,,
Danaparoid,The therapeutic efficacy of Danaparoid can be decreased when used in combination with Cefotaxime.,,
Daptomycin,Cefotaxime may decrease the excretion rate of Daptomycin which could result in a higher serum level.,,
Deferiprone,Cefotaxime may decrease the excretion rate of Deferiprone which could result in a higher serum level.,,
Defibrotide,The therapeutic efficacy of Defibrotide can be decreased when used in combination with Cefotaxime.,,
Delafloxacin,Cefotaxime may decrease the excretion rate of Delafloxacin which could result in a higher serum level.,,
Desipramine,Cefotaxime may decrease the excretion rate of Desipramine which could result in a higher serum level.,,
Desirudin,The therapeutic efficacy of Desirudin can be decreased when used in combination with Cefotaxime.,,
Desmopressin,Cefotaxime may decrease the excretion rate of Desmopressin which could result in a higher serum level.,,
Desvenlafaxine,Cefotaxime may decrease the excretion rate of Desvenlafaxine which could result in a higher serum level.,,
Deutetrabenazine,Cefotaxime may decrease the excretion rate of Deutetrabenazine which could result in a higher serum level.,,
Dexibuprofen,The risk or severity of nephrotoxicity can be increased when Cefotaxime is combined with Dexibuprofen.,,
Dexketoprofen,Cefotaxime may decrease the excretion rate of Dexketoprofen which could result in a higher serum level.,,
Dexmedetomidine,Cefotaxime may decrease the excretion rate of Dexmedetomidine which could result in a higher serum level.,,
Dexpanthenol,Cefotaxime may decrease the excretion rate of Dexpanthenol which could result in a higher serum level.,,
Dexrazoxane,Cefotaxime may decrease the excretion rate of Dexrazoxane which could result in a higher serum level.,,
Dextran,Cefotaxime may decrease the excretion rate of Dextran which could result in a higher serum level.,,
Diatrizoate,Cefotaxime may decrease the excretion rate of Diatrizoate which could result in a higher serum level.,,
Diazepam,Cefotaxime may decrease the excretion rate of Diazepam which could result in a higher serum level.,,
Dibekacin,The risk or severity of nephrotoxicity can be increased when Cefotaxime is combined with Dibekacin.,,
Dichlorobenzyl alcohol,Cefotaxime may decrease the excretion rate of Dichlorobenzyl alcohol which could result in a higher serum level.,,
Diclofenac,The risk or severity of nephrotoxicity can be increased when Cefotaxime is combined with Diclofenac.,,
Dicoumarol,The risk or severity of bleeding can be increased when Cefotaxime is combined with Dicoumarol.,,
Dicyclomine,Cefotaxime may decrease the excretion rate of Dicyclomine which could result in a higher serum level.,,
Didanosine,Cefotaxime may decrease the excretion rate of Didanosine which could result in a higher serum level.,,
Dienogest,Cefotaxime may decrease the excretion rate of Dienogest which could result in a higher serum level.,,
Diflunisal,Cefotaxime may decrease the excretion rate of Diflunisal which could result in a higher serum level.,,
Digoxin,Cefotaxime may decrease the excretion rate of Digoxin which could result in a higher serum level.,,
Dimercaprol,Cefotaxime may decrease the excretion rate of Dimercaprol which could result in a higher serum level.,,
Dimethyl sulfoxide,Cefotaxime may decrease the excretion rate of Dimethyl sulfoxide which could result in a higher serum level.,,
Dinoprostone,The excretion of Dinoprostone can be decreased when combined with Cefotaxime.,,
Dipyridamole,The therapeutic efficacy of Dipyridamole can be decreased when used in combination with Cefotaxime.,,
Disopyramide,Cefotaxime may decrease the excretion rate of Disopyramide which could result in a higher serum level.,,
Disulfiram,The risk or severity of adverse effects can be increased when Cefotaxime is combined with Disulfiram.,,
DL-Methylephedrine,Cefotaxime may decrease the excretion rate of DL-Methylephedrine which could result in a higher serum level.,,
Dobutamine,Cefotaxime may decrease the excretion rate of Dobutamine which could result in a higher serum level.,,
Dopamine,Cefotaxime may decrease the excretion rate of Dopamine which could result in a higher serum level.,,
Doripenem,Cefotaxime may decrease the excretion rate of Doripenem which could result in a higher serum level.,,
Doxacurium,Cefotaxime may decrease the excretion rate of Doxacurium which could result in a higher serum level.,,
Doxycycline,Cefotaxime may decrease the excretion rate of Doxycycline which could result in a higher serum level.,,
Drotrecogin alfa,The therapeutic efficacy of Drotrecogin alfa can be decreased when used in combination with Cefotaxime.,,
Droxidopa,Cefotaxime may decrease the excretion rate of Droxidopa which could result in a higher serum level.,,
Duloxetine,Cefotaxime may decrease the excretion rate of Duloxetine which could result in a higher serum level.,,
Dyphylline,Cefotaxime may decrease the excretion rate of Dyphylline which could result in a higher serum level.,,
Edaravone,The excretion of Edaravone can be decreased when combined with Cefotaxime.,,
Edetate calcium disodium anhydrous,The therapeutic efficacy of Edetate calcium disodium anhydrous can be decreased when used in combination with Cefotaxime.,,
Edetate disodium anhydrous,The therapeutic efficacy of Edetate disodium anhydrous can be decreased when used in combination with Cefotaxime.,,
Edoxaban,Cefotaxime may decrease the excretion rate of Edoxaban which could result in a higher serum level.,,
Edrophonium,Cefotaxime may decrease the excretion rate of Edrophonium which could result in a higher serum level.,,
Eluxadoline,The excretion of Eluxadoline can be decreased when combined with Cefotaxime.,,
Empagliflozin,Cefotaxime may decrease the excretion rate of Empagliflozin which could result in a higher serum level.,,
Emtricitabine,Cefotaxime may decrease the excretion rate of Emtricitabine which could result in a higher serum level.,,
Enalaprilat,Cefotaxime may decrease the excretion rate of Enalaprilat which could result in a higher serum level.,,
Enoxaparin,The therapeutic efficacy of Enoxaparin can be decreased when used in combination with Cefotaxime.,,
Enzalutamide,Cefotaxime may decrease the excretion rate of Enzalutamide which could result in a higher serum level.,,
Epoprostenol,Cefotaxime may decrease the excretion rate of Epoprostenol which could result in a higher serum level.,,
Ertapenem,Cefotaxime may decrease the excretion rate of Ertapenem which could result in a higher serum level.,,
Eslicarbazepine,The therapeutic efficacy of Eslicarbazepine can be decreased when used in combination with Cefotaxime.,,
Eslicarbazepine acetate,The therapeutic efficacy of Eslicarbazepine acetate can be decreased when used in combination with Cefotaxime.,,
Esomeprazole,Cefotaxime may decrease the excretion rate of Esomeprazole which could result in a higher serum level.,,
Estazolam,Cefotaxime may decrease the excretion rate of Estazolam which could result in a higher serum level.,,
Estradiol,Cefotaxime may decrease the excretion rate of Estradiol which could result in a higher serum level.,,
Estradiol acetate,Cefotaxime may decrease the excretion rate of Estradiol acetate which could result in a higher serum level.,,
Estradiol cypionate,Cefotaxime may decrease the excretion rate of Estradiol cypionate which could result in a higher serum level.,,
Estradiol dienanthate,Cefotaxime may decrease the excretion rate of Estradiol dienanthate which could result in a higher serum level.,,
Estradiol valerate,Cefotaxime may decrease the excretion rate of Estradiol valerate which could result in a higher serum level.,,
Estrone sulfate,Cefotaxime may decrease the excretion rate of Estrone sulfate which could result in a higher serum level.,,
Eszopiclone,Cefotaxime may decrease the excretion rate of Eszopiclone which could result in a higher serum level.,,
Etafedrine,Cefotaxime may decrease the excretion rate of Etafedrine which could result in a higher serum level.,,
Ethambutol,Cefotaxime may decrease the excretion rate of Ethambutol which could result in a higher serum level.,,
Ethosuximide,The therapeutic efficacy of Ethosuximide can be decreased when used in combination with Cefotaxime.,,
Ethotoin,The therapeutic efficacy of Ethotoin can be decreased when used in combination with Cefotaxime.,,
Etidronic acid,The risk or severity of nephrotoxicity and hypocalcemia can be increased when Cefotaxime is combined with Etidronic acid.,,
Etodolac,Cefotaxime may decrease the excretion rate of Etodolac which could result in a higher serum level.,,
Etomidate,Cefotaxime may decrease the excretion rate of Etomidate which could result in a higher serum level.,,
Etonogestrel,Cefotaxime may decrease the excretion rate of Etonogestrel which could result in a higher serum level.,,
Etoricoxib,The risk or severity of nephrotoxicity can be increased when Cefotaxime is combined with Etoricoxib.,,
Eucalyptus oil,Cefotaxime may decrease the excretion rate of Eucalyptus oil which could result in a higher serum level.,,
Ezogabine,Cefotaxime may decrease the excretion rate of Ezogabine which could result in a higher serum level.,,
Famotidine,The excretion of Famotidine can be decreased when combined with Cefotaxime.,,
Felbamate,The therapeutic efficacy of Felbamate can be decreased when used in combination with Cefotaxime.,,
Fenbufen,The risk or severity of nephrotoxicity can be increased when Cefotaxime is combined with Fenbufen.,,
Fenofibrate,Cefotaxime may decrease the excretion rate of Fenofibrate which could result in a higher serum level.,,
Fenofibric acid,Cefotaxime may decrease the excretion rate of Fenofibric acid which could result in a higher serum level.,,
Fenoldopam,Cefotaxime may decrease the excretion rate of Fenoldopam which could result in a higher serum level.,,
Fenoprofen,The risk or severity of nephrotoxicity can be increased when Cefotaxime is combined with Fenoprofen.,,
Fentanyl,Cefotaxime may decrease the excretion rate of Fentanyl which could result in a higher serum level.,,
Fesoterodine,Cefotaxime may decrease the excretion rate of Fesoterodine which could result in a higher serum level.,,
Fexofenadine,The excretion of Fexofenadine can be decreased when combined with Cefotaxime.,,
Flavoxate,Cefotaxime may decrease the excretion rate of Flavoxate which could result in a higher serum level.,,
Floctafenine,The risk or severity of nephrotoxicity can be increased when Cefotaxime is combined with Floctafenine.,,
Florbetaben (18F),Cefotaxime may decrease the excretion rate of Florbetaben (18F) which could result in a higher serum level.,,
Florbetapir (18F),Cefotaxime may decrease the excretion rate of Florbetapir (18F) which could result in a higher serum level.,,
Floxuridine,Cefotaxime may decrease the excretion rate of Floxuridine which could result in a higher serum level.,,
Fluconazole,Cefotaxime may decrease the excretion rate of Fluconazole which could result in a higher serum level.,,
Flucytosine,Cefotaxime may decrease the excretion rate of Flucytosine which could result in a higher serum level.,,
Fludeoxyglucose F-18,Cefotaxime may decrease the excretion rate of Fludeoxyglucose F-18 which could result in a higher serum level.,,
Fluindione,The risk or severity of bleeding can be increased when Cefotaxime is combined with Fluindione.,,
Flumazenil,Cefotaxime may decrease the excretion rate of Flumazenil which could result in a higher serum level.,,
Flunarizine,The therapeutic efficacy of Flunarizine can be decreased when used in combination with Cefotaxime.,,
Fluocinolone acetonide,Cefotaxime may decrease the excretion rate of Fluocinolone acetonide which could result in a higher serum level.,,
Fluorescein,The excretion of Fluorescein can be decreased when combined with Cefotaxime.,,
Flurazepam,Cefotaxime may decrease the excretion rate of Flurazepam which could result in a higher serum level.,,
Flurbiprofen,Cefotaxime may decrease the excretion rate of Flurbiprofen which could result in a higher serum level.,,
Flutamide,Cefotaxime may decrease the excretion rate of Flutamide which could result in a higher serum level.,,
Fluvoxamine,Cefotaxime may decrease the excretion rate of Fluvoxamine which could result in a higher serum level.,,
Folic Acid,Cefotaxime may decrease the excretion rate of Folic Acid which could result in a higher serum level.,,
Fomepizole,Cefotaxime may decrease the excretion rate of Fomepizole which could result in a higher serum level.,,
Fondaparinux,Cefotaxime may decrease the excretion rate of Fondaparinux which could result in a higher serum level.,,
Formestane,Cefotaxime may decrease the excretion rate of Formestane which could result in a higher serum level.,,
Foscarnet,The risk or severity of nephrotoxicity can be increased when Cefotaxime is combined with Foscarnet.,,
Fosfomycin,Cefotaxime may decrease the excretion rate of Fosfomycin which could result in a higher serum level.,,
Fosinopril,Cefotaxime may decrease the excretion rate of Fosinopril which could result in a higher serum level.,,
Fosphenytoin,The therapeutic efficacy of Fosphenytoin can be decreased when used in combination with Cefotaxime.,,
Framycetin,The risk or severity of nephrotoxicity can be increased when Framycetin is combined with Cefotaxime.,,
Furosemide,Cefotaxime may decrease the excretion rate of Furosemide which could result in a higher serum level.,,
Gabapentin,The therapeutic efficacy of Gabapentin can be decreased when used in combination with Cefotaxime.,,
Gabapentin enacarbil,Cefotaxime may decrease the excretion rate of Gabapentin enacarbil which could result in a higher serum level.,,
Gadobenic acid,Cefotaxime may decrease the excretion rate of Gadobenic acid which could result in a higher serum level.,,
Gadodiamide,Cefotaxime may decrease the excretion rate of Gadodiamide which could result in a higher serum level.,,
Gadofosveset trisodium,Cefotaxime may decrease the excretion rate of Gadofosveset trisodium which could result in a higher serum level.,,
Gadopentetic acid,Cefotaxime may decrease the excretion rate of Gadopentetic acid which could result in a higher serum level.,,
Gadoteric acid,Cefotaxime may decrease the excretion rate of Gadoteric acid which could result in a higher serum level.,,
Gadoteridol,Cefotaxime may decrease the excretion rate of Gadoteridol which could result in a higher serum level.,,
Galantamine,Cefotaxime may decrease the excretion rate of Galantamine which could result in a higher serum level.,,
Ganciclovir,Cefotaxime may decrease the excretion rate of Ganciclovir which could result in a higher serum level.,,
Gemcitabine,Cefotaxime may decrease the excretion rate of Gemcitabine which could result in a higher serum level.,,
Gemeprost,Cefotaxime may decrease the excretion rate of Gemeprost which could result in a higher serum level.,,
Gemfibrozil,Cefotaxime may decrease the excretion rate of Gemfibrozil which could result in a higher serum level.,,
Gentamicin,The risk or severity of nephrotoxicity can be increased when Cefotaxime is combined with Gentamicin.,,
Gimeracil,Cefotaxime may decrease the excretion rate of Gimeracil which could result in a higher serum level.,,
Glipizide,Cefotaxime may decrease the excretion rate of Glipizide which could result in a higher serum level.,,
Glycerol phenylbutyrate,Cefotaxime may decrease the excretion rate of Glycerol phenylbutyrate which could result in a higher serum level.,,
Goserelin,Cefotaxime may decrease the excretion rate of Goserelin which could result in a higher serum level.,,
Grepafloxacin,The excretion of Grepafloxacin can be decreased when combined with Cefotaxime.,,
Guanethidine,Cefotaxime may decrease the excretion rate of Guanethidine which could result in a higher serum level.,,
Guanfacine,Cefotaxime may decrease the excretion rate of Guanfacine which could result in a higher serum level.,,
Haloperidol,Cefotaxime may decrease the excretion rate of Haloperidol which could result in a higher serum level.,,
Heparin,The therapeutic efficacy of Heparin can be decreased when used in combination with Cefotaxime.,,
Hepatitis A Vaccine,The therapeutic efficacy of Hepatitis A Vaccine can be decreased when used in combination with Cefotaxime.,,
Hepatitis B Vaccine (Recombinant),The therapeutic efficacy of Hepatitis B Vaccine (Recombinant) can be decreased when used in combination with Cefotaxime.,,
Human adenovirus e serotype 4 strain cl-68578 antigen,The therapeutic efficacy of Human adenovirus e serotype 4 strain cl-68578 antigen can be decreased when used in combination with Cefotaxime.,,
Human rabies virus immune globulin,The therapeutic efficacy of Human rabies virus immune globulin can be decreased when used in combination with Cefotaxime.,,
Hydralazine,Cefotaxime may decrease the excretion rate of Hydralazine which could result in a higher serum level.,,
Hydrocortisone,The excretion of Hydrocortisone can be decreased when combined with Cefotaxime.,,
Hydroxocobalamin,Cefotaxime may decrease the excretion rate of Hydroxocobalamin which could result in a higher serum level.,,
Hydroxyethyl Starch,Cefotaxime may decrease the excretion rate of Hydroxyethyl Starch which could result in a higher serum level.,,
Ibandronate,The risk or severity of nephrotoxicity and hypocalcemia can be increased when Cefotaxime is combined with Ibandronate.,,
Ibuprofen,Cefotaxime may decrease the excretion rate of Ibuprofen which could result in a higher serum level.,,
Ibutilide,Cefotaxime may decrease the excretion rate of Ibutilide which could result in a higher serum level.,,
Icatibant,Cefotaxime may decrease the excretion rate of Icatibant which could result in a higher serum level.,,
Icosapent,The risk or severity of nephrotoxicity can be increased when Icosapent is combined with Cefotaxime.,,
Idarucizumab,Cefotaxime may decrease the excretion rate of Idarucizumab which could result in a higher serum level.,,
Idebenone,Cefotaxime may decrease the excretion rate of Idebenone which could result in a higher serum level.,,
Ifenprodil,The therapeutic efficacy of Ifenprodil can be decreased when used in combination with Cefotaxime.,,
Ifosfamide,Cefotaxime may decrease the excretion rate of Ifosfamide which could result in a higher serum level.,,
Iloprost,The therapeutic efficacy of Iloprost can be decreased when used in combination with Cefotaxime.,,
Imipramine,Cefotaxime may decrease the excretion rate of Imipramine which could result in a higher serum level.,,
Indapamide,Cefotaxime may decrease the excretion rate of Indapamide which could result in a higher serum level.,,
Indigotindisulfonic Acid,Cefotaxime may decrease the excretion rate of Indigotindisulfonic Acid which could result in a higher serum level.,,
Indometacin,The risk or severity of nephrotoxicity can be increased when Indometacin is combined with Cefotaxime.,,
Inosine pranobex,Cefotaxime may decrease the excretion rate of Inosine pranobex which could result in a higher serum level.,,
Inositol,Cefotaxime may decrease the excretion rate of Inositol which could result in a higher serum level.,,
Inotersen,The risk or severity of nephrotoxicity can be increased when Cefotaxime is combined with Inotersen.,,
Iobenguane sulfate I-123,Cefotaxime may decrease the excretion rate of Iobenguane sulfate I-123 which could result in a higher serum level.,,
Iodixanol,Cefotaxime may decrease the excretion rate of Iodixanol which could result in a higher serum level.,,
Ioflupane I-123,Cefotaxime may decrease the excretion rate of Ioflupane I-123 which could result in a higher serum level.,,
Iopromide,Cefotaxime may decrease the excretion rate of Iopromide which could result in a higher serum level.,,
Iothalamic acid,Cefotaxime may decrease the excretion rate of Iothalamic acid which could result in a higher serum level.,,
Ioversol,Cefotaxime may decrease the excretion rate of Ioversol which could result in a higher serum level.,,
Ioxilan,Cefotaxime may decrease the excretion rate of Ioxilan which could result in a higher serum level.,,
Ipecac,Cefotaxime may decrease the excretion rate of Ipecac which could result in a higher serum level.,,
Ipilimumab,Cefotaxime may decrease the excretion rate of Ipilimumab which could result in a higher serum level.,,
Isoniazid,Cefotaxime may decrease the excretion rate of Isoniazid which could result in a higher serum level.,,
Isosorbide Mononitrate,Cefotaxime may decrease the excretion rate of Isosorbide Mononitrate which could result in a higher serum level.,,
Isosulfan blue,Cefotaxime may decrease the excretion rate of Isosulfan blue which could result in a higher serum level.,,
Isotretinoin,Cefotaxime may decrease the excretion rate of Isotretinoin which could result in a higher serum level.,,
Isradipine,Cefotaxime may decrease the excretion rate of Isradipine which could result in a higher serum level.,,
Ixazomib,Cefotaxime may decrease the excretion rate of Ixazomib which could result in a higher serum level.,,
Japanese encephalitis virus strain sa 14-14-2 antigen (formaldehyde inactivated),The therapeutic efficacy of Japanese encephalitis virus strain sa 14-14-2 antigen (formaldehyde inactivated) can be decreased when used in combination with Cefotaxime.,,
Kanamycin,The risk or severity of nephrotoxicity can be increased when Cefotaxime is combined with Kanamycin.,,
Ketamine,Cefotaxime may decrease the excretion rate of Ketamine which could result in a higher serum level.,,
Ketazolam,Cefotaxime may decrease the excretion rate of Ketazolam which could result in a higher serum level.,,
Ketoprofen,Cefotaxime may decrease the excretion rate of Ketoprofen which could result in a higher serum level.,,
Ketorolac,The risk or severity of nephrotoxicity can be increased when Ketorolac is combined with Cefotaxime.,,
L-Citrulline,The excretion of L-Citrulline can be decreased when combined with Cefotaxime.,,
Labetalol,Cefotaxime may decrease the excretion rate of Labetalol which could result in a higher serum level.,,
Lacosamide,The therapeutic efficacy of Lacosamide can be decreased when used in combination with Cefotaxime.,,
Lamivudine,Cefotaxime may decrease the excretion rate of Lamivudine which could result in a higher serum level.,,
Lamotrigine,Cefotaxime may decrease the excretion rate of Lamotrigine which could result in a higher serum level.,,
Latamoxef,The risk or severity of nephrotoxicity can be increased when Cefotaxime is combined with Latamoxef.,,
Ledipasvir,Cefotaxime may decrease the excretion rate of Ledipasvir which could result in a higher serum level.,,
Lenalidomide,Cefotaxime may decrease the excretion rate of Lenalidomide which could result in a higher serum level.,,
Lepirudin,The therapeutic efficacy of Lepirudin can be decreased when used in combination with Cefotaxime.,,
Lesinurad,Cefotaxime may decrease the excretion rate of Lesinurad which could result in a higher serum level.,,
Leucovorin,The excretion of Leucovorin can be decreased when combined with Cefotaxime.,,
Leuprolide,Cefotaxime may decrease the excretion rate of Leuprolide which could result in a higher serum level.,,
Levetiracetam,The therapeutic efficacy of Levetiracetam can be decreased when used in combination with Cefotaxime.,,
Levobupivacaine,Cefotaxime may decrease the excretion rate of Levobupivacaine which could result in a higher serum level.,,
Levocarnitine,Cefotaxime may decrease the excretion rate of Levocarnitine which could result in a higher serum level.,,
Levocetirizine,Cefotaxime may decrease the excretion rate of Levocetirizine which could result in a higher serum level.,,
Levofloxacin,Cefotaxime may decrease the excretion rate of Levofloxacin which could result in a higher serum level.,,
Levomilnacipran,Cefotaxime may decrease the excretion rate of Levomilnacipran which could result in a higher serum level.,,
Levosalbutamol,Cefotaxime may decrease the excretion rate of Levosalbutamol which could result in a higher serum level.,,
Liothyronine,Cefotaxime may decrease the excretion rate of Liothyronine which could result in a higher serum level.,,
Lisinopril,Cefotaxime may decrease the excretion rate of Lisinopril which could result in a higher serum level.,,
Lithium carbonate,Cefotaxime may decrease the excretion rate of Lithium carbonate which could result in a higher serum level.,,
Lithium citrate,Cefotaxime may decrease the excretion rate of Lithium citrate which could result in a higher serum level.,,
Lithium hydroxide,Cefotaxime may decrease the excretion rate of Lithium hydroxide which could result in a higher serum level.,,
Lixisenatide,Cefotaxime may decrease the excretion rate of Lixisenatide which could result in a higher serum level.,,
Lofexidine,Cefotaxime may decrease the excretion rate of Lofexidine which could result in a higher serum level.,,
Lopinavir,The risk or severity of nephrotoxicity can be increased when Cefotaxime is combined with Lopinavir.,,
Loracarbef,The risk or severity of nephrotoxicity can be increased when Loracarbef is combined with Cefotaxime.,,
Lorazepam,Cefotaxime may decrease the excretion rate of Lorazepam which could result in a higher serum level.,,
Lorcaserin,Cefotaxime may decrease the excretion rate of Lorcaserin which could result in a higher serum level.,,
Lornoxicam,The risk or severity of nephrotoxicity can be increased when Cefotaxime is combined with Lornoxicam.,,
Lorpiprazole,Cefotaxime may decrease the excretion rate of Lorpiprazole which could result in a higher serum level.,,
Lubiprostone,Cefotaxime may decrease the excretion rate of Lubiprostone which could result in a higher serum level.,,
Lumiracoxib,The risk or severity of nephrotoxicity can be increased when Cefotaxime is combined with Lumiracoxib.,,
Macitentan,Cefotaxime may decrease the excretion rate of Macitentan which could result in a higher serum level.,,
Magnesium carbonate,Cefotaxime may decrease the excretion rate of Magnesium carbonate which could result in a higher serum level.,,
Magnesium chloride,Cefotaxime may decrease the excretion rate of Magnesium chloride which could result in a higher serum level.,,
Magnesium hydroxide,Cefotaxime may decrease the excretion rate of Magnesium hydroxide which could result in a higher serum level.,,
Magnesium sulfate,The therapeutic efficacy of Magnesium sulfate can be decreased when used in combination with Cefotaxime.,,
Magnesium trisilicate,Cefotaxime may decrease the excretion rate of Magnesium trisilicate which could result in a higher serum level.,,
Mangafodipir,Cefotaxime may decrease the excretion rate of Mangafodipir which could result in a higher serum level.,,
Mannitol,The risk or severity of nephrotoxicity can be increased when Mannitol is combined with Cefotaxime.,,
Maprotiline,Cefotaxime may decrease the excretion rate of Maprotiline which could result in a higher serum level.,,
Mecamylamine,Cefotaxime may decrease the excretion rate of Mecamylamine which could result in a higher serum level.,,
Meclofenamic acid,Cefotaxime may decrease the excretion rate of Meclofenamic acid which could result in a higher serum level.,,
Medroxyprogesterone acetate,Cefotaxime may decrease the excretion rate of Medroxyprogesterone acetate which could result in a higher serum level.,,
Mefenamic acid,The risk or severity of nephrotoxicity can be increased when Cefotaxime is combined with Mefenamic acid.,,
Megestrol acetate,Cefotaxime may decrease the excretion rate of Megestrol acetate which could result in a higher serum level.,,
Meloxicam,The risk or severity of nephrotoxicity can be increased when Cefotaxime is combined with Meloxicam.,,
Memantine,Cefotaxime may decrease the excretion rate of Memantine which could result in a higher serum level.,,
Meperidine,Cefotaxime may decrease the excretion rate of Meperidine which could result in a higher serum level.,,
Mephenytoin,The therapeutic efficacy of Mephenytoin can be decreased when used in combination with Cefotaxime.,,
Mepivacaine,Cefotaxime may decrease the excretion rate of Mepivacaine which could result in a higher serum level.,,
Mercaptopurine,The excretion of Mercaptopurine can be decreased when combined with Cefotaxime.,,
Meropenem,Cefotaxime may decrease the excretion rate of Meropenem which could result in a higher serum level.,,
Mesalazine,The risk or severity of nephrotoxicity can be increased when Mesalazine is combined with Cefotaxime.,,
Metamfetamine,Cefotaxime may decrease the excretion rate of Metamfetamine which could result in a higher serum level.,,
Metamizole,The risk or severity of nephrotoxicity can be increased when Cefotaxime is combined with Metamizole.,,
Metaxalone,Cefotaxime may decrease the excretion rate of Metaxalone which could result in a higher serum level.,,
Metformin,Cefotaxime may decrease the excretion rate of Metformin which could result in a higher serum level.,,
Methadone,Cefotaxime may decrease the excretion rate of Methadone which could result in a higher serum level.,,
Methimazole,Cefotaxime may decrease the excretion rate of Methimazole which could result in a higher serum level.,,
Methohexital,The therapeutic efficacy of Methohexital can be decreased when used in combination with Cefotaxime.,,
Methotrexate,Cefotaxime may decrease the excretion rate of Methotrexate which could result in a higher serum level.,,
Methoxsalen,Cefotaxime may decrease the excretion rate of Methoxsalen which could result in a higher serum level.,,
Methsuximide,The therapeutic efficacy of Methsuximide can be decreased when used in combination with Cefotaxime.,,
Methyldopa,Cefotaxime may decrease the excretion rate of Methyldopa which could result in a higher serum level.,,
Methylene blue,Cefotaxime may decrease the excretion rate of Methylene blue which could result in a higher serum level.,,
Methylnaltrexone,Cefotaxime may decrease the excretion rate of Methylnaltrexone which could result in a higher serum level.,,
Methylphenidate,Cefotaxime may decrease the excretion rate of Methylphenidate which could result in a higher serum level.,,
Methylphenobarbital,The therapeutic efficacy of Methylphenobarbital can be decreased when used in combination with Cefotaxime.,,
Methyltestosterone,Cefotaxime may decrease the excretion rate of Methyltestosterone which could result in a higher serum level.,,
Metoclopramide,Cefotaxime may decrease the excretion rate of Metoclopramide which could result in a higher serum level.,,
Metolazone,Cefotaxime may decrease the excretion rate of Metolazone which could result in a higher serum level.,,
Metoprolol,Cefotaxime may decrease the excretion rate of Metoprolol which could result in a higher serum level.,,
Metyrapone,Cefotaxime may decrease the excretion rate of Metyrapone which could result in a higher serum level.,,
Micronomicin,The risk or severity of nephrotoxicity can be increased when Cefotaxime is combined with Micronomicin.,,
Midazolam,Cefotaxime may decrease the excretion rate of Midazolam which could result in a higher serum level.,,
Migalastat,Cefotaxime may decrease the excretion rate of Migalastat which could result in a higher serum level.,,
Milnacipran,Cefotaxime may decrease the excretion rate of Milnacipran which could result in a higher serum level.,,
Milrinone,Cefotaxime may decrease the excretion rate of Milrinone which could result in a higher serum level.,,
Mirabegron,Cefotaxime may decrease the excretion rate of Mirabegron which could result in a higher serum level.,,
Moxisylyte,Cefotaxime may decrease the excretion rate of Moxisylyte which could result in a higher serum level.,,
Mycophenolate mofetil,Cefotaxime may decrease the excretion rate of Mycophenolate mofetil which could result in a higher serum level.,,
Mycophenolic acid,Cefotaxime may decrease the excretion rate of Mycophenolic acid which could result in a higher serum level.,,
N-acetyltyrosine,Cefotaxime may decrease the excretion rate of N-acetyltyrosine which could result in a higher serum level.,,
Nabumetone,The risk or severity of nephrotoxicity can be increased when Nabumetone is combined with Cefotaxime.,,
Nadolol,Cefotaxime may decrease the excretion rate of Nadolol which could result in a higher serum level.,,
Nadroparin,The therapeutic efficacy of Nadroparin can be decreased when used in combination with Cefotaxime.,,
Naldemedine,Cefotaxime may decrease the excretion rate of Naldemedine which could result in a higher serum level.,,
Nalmefene,Cefotaxime may decrease the excretion rate of Nalmefene which could result in a higher serum level.,,
Naloxone,Cefotaxime may decrease the excretion rate of Naloxone which could result in a higher serum level.,,
Naproxen,The risk or severity of nephrotoxicity can be increased when Cefotaxime is combined with Naproxen.,,
Nateglinide,Cefotaxime may decrease the excretion rate of Nateglinide which could result in a higher serum level.,,
Nedaplatin,Cefotaxime may decrease the excretion rate of Nedaplatin which could result in a higher serum level.,,
Nedocromil,Cefotaxime may decrease the excretion rate of Nedocromil which could result in a higher serum level.,,
Nefazodone,Cefotaxime may decrease the excretion rate of Nefazodone which could result in a higher serum level.,,
Neomycin,The risk or severity of nephrotoxicity can be increased when Cefotaxime is combined with Neomycin.,,
Netilmicin,The risk or severity of nephrotoxicity can be increased when Cefotaxime is combined with Netilmicin.,,
Nicorandil,Cefotaxime may decrease the excretion rate of Nicorandil which could result in a higher serum level.,,
Nifedipine,Cefotaxime may decrease the excretion rate of Nifedipine which could result in a higher serum level.,,
Nilutamide,Cefotaxime may decrease the excretion rate of Nilutamide which could result in a higher serum level.,,
Nimesulide,The risk or severity of nephrotoxicity can be increased when Cefotaxime is combined with Nimesulide.,,
Nisoldipine,Cefotaxime may decrease the excretion rate of Nisoldipine which could result in a higher serum level.,,
Nitrazepam,The therapeutic efficacy of Nitrazepam can be decreased when used in combination with Cefotaxime.,,
Nitric Oxide,Cefotaxime may decrease the excretion rate of Nitric Oxide which could result in a higher serum level.,,
Nitrofurantoin,Cefotaxime may decrease the excretion rate of Nitrofurantoin which could result in a higher serum level.,,
Nitroprusside,Cefotaxime may decrease the excretion rate of Nitroprusside which could result in a higher serum level.,,
Octinoxate,Cefotaxime may decrease the excretion rate of Octinoxate which could result in a higher serum level.,,
Olanzapine,Cefotaxime may decrease the excretion rate of Olanzapine which could result in a higher serum level.,,
Olsalazine,The risk or severity of nephrotoxicity can be increased when Cefotaxime is combined with Olsalazine.,,
Omeprazole,Cefotaxime may decrease the excretion rate of Omeprazole which could result in a higher serum level.,,
Opium,Cefotaxime may decrease the excretion rate of Opium which could result in a higher serum level.,,
Oseltamivir,Cefotaxime may decrease the excretion rate of Oseltamivir which could result in a higher serum level.,,
Oxacillin,Cefotaxime may decrease the excretion rate of Oxacillin which could result in a higher serum level.,,
Oxaprozin,Cefotaxime may decrease the excretion rate of Oxaprozin which could result in a higher serum level.,,
Oxazepam,Cefotaxime may decrease the excretion rate of Oxazepam which could result in a higher serum level.,,
Oxcarbazepine,The therapeutic efficacy of Oxcarbazepine can be decreased when used in combination with Cefotaxime.,,
Oxybenzone,Cefotaxime may decrease the excretion rate of Oxybenzone which could result in a higher serum level.,,
Oxyphenbutazone,The risk or severity of nephrotoxicity can be increased when Cefotaxime is combined with Oxyphenbutazone.,,
Oxyquinoline,Cefotaxime may decrease the excretion rate of Oxyquinoline which could result in a higher serum level.,,
Paliperidone,Cefotaxime may decrease the excretion rate of Paliperidone which could result in a higher serum level.,,
Palonosetron,Cefotaxime may decrease the excretion rate of Palonosetron which could result in a higher serum level.,,
Pamidronic acid,The risk or severity of nephrotoxicity and hypocalcemia can be increased when Cefotaxime is combined with Pamidronic acid.,,
Pantoprazole,Cefotaxime may decrease the excretion rate of Pantoprazole which could result in a higher serum level.,,
Paraldehyde,The therapeutic efficacy of Paraldehyde can be decreased when used in combination with Cefotaxime.,,
Paramethadione,The therapeutic efficacy of Paramethadione can be decreased when used in combination with Cefotaxime.,,
Parecoxib,The risk or severity of nephrotoxicity can be increased when Cefotaxime is combined with Parecoxib.,,
Parnaparin,The therapeutic efficacy of Parnaparin can be decreased when used in combination with Cefotaxime.,,
Paromomycin,The risk or severity of nephrotoxicity can be increased when Cefotaxime is combined with Paromomycin.,,
Paroxetine,Cefotaxime may decrease the excretion rate of Paroxetine which could result in a higher serum level.,,
Patent Blue,Cefotaxime may decrease the excretion rate of Patent Blue which could result in a higher serum level.,,
Pegaptanib,Cefotaxime may decrease the excretion rate of Pegaptanib which could result in a higher serum level.,,
Peginesatide,Cefotaxime may decrease the excretion rate of Peginesatide which could result in a higher serum level.,,
Pemetrexed,Cefotaxime may decrease the excretion rate of Pemetrexed which could result in a higher serum level.,,
Penbutolol,Cefotaxime may decrease the excretion rate of Penbutolol which could result in a higher serum level.,,
Pentaerythritol tetranitrate,Cefotaxime may decrease the excretion rate of Pentaerythritol tetranitrate which could result in a higher serum level.,,
Pentamidine,The risk or severity of nephrotoxicity can be increased when Cefotaxime is combined with Pentamidine.,,
Pentastarch,Cefotaxime may decrease the excretion rate of Pentastarch which could result in a higher serum level.,,
Pentetic acid,Cefotaxime may decrease the excretion rate of Pentetic acid which could result in a higher serum level.,,
Pentobarbital,Cefotaxime may decrease the excretion rate of Pentobarbital which could result in a higher serum level.,,
Pentosan Polysulfate,The therapeutic efficacy of Pentosan Polysulfate can be decreased when used in combination with Cefotaxime.,,
Pentostatin,Cefotaxime may decrease the excretion rate of Pentostatin which could result in a higher serum level.,,
Pentoxifylline,Cefotaxime may decrease the excretion rate of Pentoxifylline which could result in a higher serum level.,,
Perampanel,The therapeutic efficacy of Perampanel can be decreased when used in combination with Cefotaxime.,,
Perindopril,Cefotaxime may decrease the excretion rate of Perindopril which could result in a higher serum level.,,
Phenacemide,The therapeutic efficacy of Phenacemide can be decreased when used in combination with Cefotaxime.,,
Phenelzine,Cefotaxime may decrease the excretion rate of Phenelzine which could result in a higher serum level.,,
Phenindione,The risk or severity of bleeding can be increased when Cefotaxime is combined with Phenindione.,,
Phenobarbital,The therapeutic efficacy of Phenobarbital can be decreased when used in combination with Cefotaxime.,,
Phenprocoumon,The risk or severity of bleeding can be increased when Cefotaxime is combined with Phenprocoumon.,,
Phensuximide,The therapeutic efficacy of Phensuximide can be decreased when used in combination with Cefotaxime.,,
Phentolamine,Cefotaxime may decrease the excretion rate of Phentolamine which could result in a higher serum level.,,
Phenylbutazone,The risk or severity of nephrotoxicity can be increased when Cefotaxime is combined with Phenylbutazone.,,
Phenytoin,The therapeutic efficacy of Phenytoin can be decreased when used in combination with Cefotaxime.,,
Pholcodine,Cefotaxime may decrease the excretion rate of Pholcodine which could result in a higher serum level.,,
Phosphoric acid,Cefotaxime may decrease the excretion rate of Phosphoric acid which could result in a higher serum level.,,
Phylloquinone,Cefotaxime may decrease the excretion rate of Phylloquinone which could result in a higher serum level.,,
Picosulfuric acid,Cefotaxime may decrease the excretion rate of Picosulfuric acid which could result in a higher serum level.,,
Pindolol,Cefotaxime may decrease the excretion rate of Pindolol which could result in a higher serum level.,,
Piperacillin,Cefotaxime may decrease the excretion rate of Piperacillin which could result in a higher serum level.,,
Piracetam,Cefotaxime may decrease the excretion rate of Piracetam which could result in a higher serum level.,,
Piroxicam,Cefotaxime may decrease the excretion rate of Piroxicam which could result in a higher serum level.,,
Pitolisant,Cefotaxime may decrease the excretion rate of Pitolisant which could result in a higher serum level.,,
Plazomicin,Cefotaxime may decrease the excretion rate of Plazomicin which could result in a higher serum level.,,
Plerixafor,Cefotaxime may decrease the excretion rate of Plerixafor which could result in a higher serum level.,,
Polyethylene glycol 400,Cefotaxime may decrease the excretion rate of Polyethylene glycol 400 which could result in a higher serum level.,,
Polymyxin B,The risk or severity of nephrotoxicity can be increased when Cefotaxime is combined with Polymyxin B sulfate.,,
Pomalidomide,Cefotaxime may decrease the excretion rate of Pomalidomide which could result in a higher serum level.,,
Potassium acetate,Cefotaxime may decrease the excretion rate of Potassium acetate which could result in a higher serum level.,,
Potassium bicarbonate,Cefotaxime may decrease the excretion rate of Potassium bicarbonate which could result in a higher serum level.,,
Potassium chloride,Cefotaxime may decrease the excretion rate of Potassium chloride which could result in a higher serum level.,,
Potassium Citrate,The therapeutic efficacy of Potassium Citrate can be decreased when used in combination with Cefotaxime.,,
Potassium nitrate,Cefotaxime may decrease the excretion rate of Potassium nitrate which could result in a higher serum level.,,
Potassium perchlorate,Cefotaxime may decrease the excretion rate of Potassium perchlorate which could result in a higher serum level.,,
Potassium sulfate,Cefotaxime may decrease the excretion rate of Potassium sulfate which could result in a higher serum level.,,
Pralatrexate,Cefotaxime may decrease the excretion rate of Pralatrexate which could result in a higher serum level.,,
Pralidoxime,Cefotaxime may decrease the excretion rate of Pralidoxime which could result in a higher serum level.,,
Pramipexole,Cefotaxime may decrease the excretion rate of Pramipexole which could result in a higher serum level.,,
Prasugrel,Cefotaxime may decrease the excretion rate of Prasugrel which could result in a higher serum level.,,
Pravastatin,The excretion of Pravastatin can be decreased when combined with Cefotaxime.,,
Prednisone,Cefotaxime may decrease the excretion rate of Prednisone which could result in a higher serum level.,,
Pregabalin,Cefotaxime may decrease the excretion rate of Pregabalin which could result in a higher serum level.,,
Primidone,The therapeutic efficacy of Primidone can be decreased when used in combination with Cefotaxime.,,
Probenecid,The serum concentration of Cefotaxime can be increased when it is combined with Probenecid.,,
Procainamide,Cefotaxime may decrease the excretion rate of Procainamide which could result in a higher serum level.,,
Procaine benzylpenicillin,Cefotaxime may decrease the excretion rate of Procaine benzylpenicillin which could result in a higher serum level.,,
Promethazine,Cefotaxime may decrease the excretion rate of Promethazine which could result in a higher serum level.,,
Propantheline,Cefotaxime may decrease the excretion rate of Propantheline which could result in a higher serum level.,,
Propiverine,Cefotaxime may decrease the excretion rate of Propiverine which could result in a higher serum level.,,
Propranolol,Cefotaxime may decrease the excretion rate of Propranolol which could result in a higher serum level.,,
Protein C,The therapeutic efficacy of Protein C can be decreased when used in combination with Cefotaxime.,,
Protein S human,The therapeutic efficacy of Protein S human can be decreased when used in combination with Cefotaxime.,,
Prucalopride,Cefotaxime may decrease the excretion rate of Prucalopride which could result in a higher serum level.,,
Pyrantel,Cefotaxime may decrease the excretion rate of Pyrantel which could result in a higher serum level.,,
Pyrazinamide,Cefotaxime may decrease the excretion rate of Pyrazinamide which could result in a higher serum level.,,
Pyridoxine,Cefotaxime may decrease the excretion rate of Pyridoxine which could result in a higher serum level.,,
Quetiapine,Cefotaxime may decrease the excretion rate of Quetiapine which could result in a higher serum level.,,
Quinapril,The excretion of Quinapril can be decreased when combined with Cefotaxime.,,
Quinidine,Cefotaxime may decrease the excretion rate of Quinidine which could result in a higher serum level.,,
Rabeprazole,Cefotaxime may decrease the excretion rate of Rabeprazole which could result in a higher serum level.,,
Rabies virus inactivated antigen, A,The therapeutic efficacy of Rabies virus inactivated antigen, A can be decreased when used in combination with Cefotaxime.
Rabies virus inactivated antigen, B,The therapeutic efficacy of Rabies virus inactivated antigen, B can be decreased when used in combination with Cefotaxime.
Ramelteon,Cefotaxime may decrease the excretion rate of Ramelteon which could result in a higher serum level.,,
Ranitidine,Cefotaxime may decrease the excretion rate of Ranitidine which could result in a higher serum level.,,
Ranolazine,Cefotaxime may decrease the excretion rate of Ranolazine which could result in a higher serum level.,,
Rasagiline,Cefotaxime may decrease the excretion rate of Rasagiline which could result in a higher serum level.,,
Reserpine,Cefotaxime may decrease the excretion rate of Reserpine which could result in a higher serum level.,,
Reteplase,The therapeutic efficacy of Reteplase can be decreased when used in combination with Cefotaxime.,,
Reviparin,The therapeutic efficacy of Reviparin can be decreased when used in combination with Cefotaxime.,,
Ribavirin,Cefotaxime may decrease the excretion rate of Ribavirin which could result in a higher serum level.,,
Ribostamycin,The risk or severity of nephrotoxicity can be increased when Cefotaxime is combined with Ribostamycin.,,
Riluzole,The therapeutic efficacy of Riluzole can be decreased when used in combination with Cefotaxime.,,
Risedronic acid,The risk or severity of nephrotoxicity and hypocalcemia can be increased when Cefotaxime is combined with Risedronic acid.,,
Rivaroxaban,Cefotaxime may decrease the excretion rate of Rivaroxaban which could result in a higher serum level.,,
Rizatriptan,Cefotaxime may decrease the excretion rate of Rizatriptan which could result in a higher serum level.,,
Rofecoxib,The risk or severity of nephrotoxicity can be increased when Cefotaxime is combined with Rofecoxib.,,
Roflumilast,Cefotaxime may decrease the excretion rate of Roflumilast which could result in a higher serum level.,,
Ropivacaine,Cefotaxime may decrease the excretion rate of Ropivacaine which could result in a higher serum level.,,
Rosiglitazone,Cefotaxime may decrease the excretion rate of Rosiglitazone which could result in a higher serum level.,,
Rosuvastatin,The excretion of Rosuvastatin can be decreased when combined with Cefotaxime.,,
Rotavirus Vaccine,The therapeutic efficacy of Rotavirus Vaccine can be decreased when used in combination with Cefotaxime.,,
Rubella virus vaccine,The therapeutic efficacy of Rubella virus vaccine can be decreased when used in combination with Cefotaxime.,,
Rufinamide,The therapeutic efficacy of Rufinamide can be decreased when used in combination with Cefotaxime.,,
Ruxolitinib,Cefotaxime may decrease the excretion rate of Ruxolitinib which could result in a higher serum level.,,
Sacubitril,Cefotaxime may decrease the excretion rate of Sacubitril which could result in a higher serum level.,,
Salbutamol,Cefotaxime may decrease the excretion rate of Salbutamol which could result in a higher serum level.,,
Salicylamide,The risk or severity of nephrotoxicity can be increased when Cefotaxime is combined with Salicylamide.,,
Salicylic acid,The risk or severity of nephrotoxicity can be increased when Cefotaxime is combined with Salicylic acid.,,
Salmon Calcitonin,Cefotaxime may decrease the excretion rate of Salmon Calcitonin which could result in a higher serum level.,,
Salmonella typhi ty2 vi polysaccharide antigen,The therapeutic efficacy of Salmonella typhi ty2 vi polysaccharide antigen can be decreased when used in combination with Cefotaxime.,,
Salsalate,The risk or severity of nephrotoxicity can be increased when Cefotaxime is combined with Salsalate.,,
Saxagliptin,Cefotaxime may decrease the excretion rate of Saxagliptin which could result in a higher serum level.,,
Secobarbital,Cefotaxime may decrease the excretion rate of Secobarbital which could result in a higher serum level.,,
Selenious acid,Cefotaxime may decrease the excretion rate of Selenious acid which could result in a higher serum level.,,
Selenium,Cefotaxime may decrease the excretion rate of Selenium which could result in a higher serum level.,,
Sibutramine,Cefotaxime may decrease the excretion rate of Sibutramine which could result in a higher serum level.,,
Sitagliptin,Cefotaxime may decrease the excretion rate of Sitagliptin which could result in a higher serum level.,,
Sodium acetate,Cefotaxime may decrease the excretion rate of Sodium acetate which could result in a higher serum level.,,
Sodium aurothiomalate,Cefotaxime may decrease the excretion rate of Sodium aurothiomalate which could result in a higher serum level.,,
Sodium Citrate,The therapeutic efficacy of Sodium Citrate can be decreased when used in combination with Cefotaxime.,,
Sodium fluoride,Cefotaxime may decrease the excretion rate of Sodium fluoride which could result in a higher serum level.,,
Sodium sulfate,Cefotaxime may decrease the excretion rate of Sodium sulfate which could result in a higher serum level.,,
Sofosbuvir,Cefotaxime may decrease the excretion rate of Sofosbuvir which could result in a higher serum level.,,
Sorafenib,Cefotaxime may decrease the excretion rate of Sorafenib which could result in a higher serum level.,,
Sorbitol,Cefotaxime may decrease the excretion rate of Sorbitol which could result in a higher serum level.,,
Stavudine,The excretion of Stavudine can be decreased when combined with Cefotaxime.,,
Stiripentol,Cefotaxime may decrease the excretion rate of Stiripentol which could result in a higher serum level.,,
Streptokinase,The therapeutic efficacy of Streptokinase can be decreased when used in combination with Cefotaxime.,,
Streptomycin,The risk or severity of nephrotoxicity can be increased when Cefotaxime is combined with Streptomycin.,,
Succinic acid,The excretion of Succinic acid can be decreased when combined with Cefotaxime.,,
Sucralfate,Cefotaxime may decrease the excretion rate of Sucralfate which could result in a higher serum level.,,
Sulbactam,Cefotaxime may decrease the excretion rate of Sulbactam which could result in a higher serum level.,,
Sulfadiazine,Cefotaxime may decrease the excretion rate of Sulfadiazine which could result in a higher serum level.,,
Sulfamethoxazole,Cefotaxime may decrease the excretion rate of Sulfamethoxazole which could result in a higher serum level.,,
Sulfasalazine,The risk or severity of nephrotoxicity can be increased when Cefotaxime is combined with Sulfasalazine.,,
Sulindac,The risk or severity of nephrotoxicity can be increased when Cefotaxime is combined with Sulindac.,,
Sulodexide,The therapeutic efficacy of Sulodexide can be decreased when used in combination with Cefotaxime.,,
Sumatriptan,Cefotaxime may decrease the excretion rate of Sumatriptan which could result in a higher serum level.,,
Suprofen,The risk or severity of nephrotoxicity can be increased when Cefotaxime is combined with Suprofen.,,
Synthetic Conjugated Estrogens, A,Cefotaxime may decrease the excretion rate of Synthetic Conjugated Estrogens, A which could result in a higher serum level.
Synthetic Conjugated Estrogens, B,Cefotaxime may decrease the excretion rate of Synthetic Conjugated Estrogens, B which could result in a higher serum level.
Tacrolimus,The risk or severity of nephrotoxicity can be increased when Cefotaxime is combined with Tacrolimus.,,
Tadalafil,Cefotaxime may decrease the excretion rate of Tadalafil which could result in a higher serum level.,,
Tamsulosin,Cefotaxime may decrease the excretion rate of Tamsulosin which could result in a higher serum level.,,
Tasimelteon,Cefotaxime may decrease the excretion rate of Tasimelteon which could result in a higher serum level.,,
Tazobactam,The excretion of Tazobactam can be decreased when combined with Cefotaxime.,,
Technetium Tc-99m disofenin,Cefotaxime may decrease the excretion rate of Technetium Tc-99m disofenin which could result in a higher serum level.,,
Technetium Tc-99m exametazime,Cefotaxime may decrease the excretion rate of Technetium Tc-99m exametazime which could result in a higher serum level.,,
Technetium Tc-99m mebrofenin,Cefotaxime may decrease the excretion rate of Technetium Tc-99m mebrofenin which could result in a higher serum level.,,
Technetium Tc-99m oxidronate,Cefotaxime may decrease the excretion rate of Technetium Tc-99m oxidronate which could result in a higher serum level.,,
Technetium Tc-99m pyrophosphate,Cefotaxime may decrease the excretion rate of Technetium Tc-99m pyrophosphate which could result in a higher serum level.,,
Teduglutide,Cefotaxime may decrease the excretion rate of Teduglutide which could result in a higher serum level.,,
Tegafur,Cefotaxime may decrease the excretion rate of Tegafur which could result in a higher serum level.,,
Telavancin,Cefotaxime may decrease the excretion rate of Telavancin which could result in a higher serum level.,,
Temazepam,Cefotaxime may decrease the excretion rate of Temazepam which could result in a higher serum level.,,
Temozolomide,Cefotaxime may decrease the excretion rate of Temozolomide which could result in a higher serum level.,,
Tenecteplase,The therapeutic efficacy of Tenecteplase can be decreased when used in combination with Cefotaxime.,,
Tenofovir alafenamide,Cefotaxime may increase the nephrotoxic activities of Tenofovir alafenamide.,,
Tenofovir disoproxil,Cefotaxime may increase the nephrotoxic activities of Tenofovir disoproxil.,,
Tenoxicam,The risk or severity of nephrotoxicity can be increased when Tenoxicam is combined with Cefotaxime.,,
Terbutaline,Cefotaxime may decrease the excretion rate of Terbutaline which could result in a higher serum level.,,
Testolactone,Cefotaxime may decrease the excretion rate of Testolactone which could result in a higher serum level.,,
Testosterone,Cefotaxime may decrease the excretion rate of Testosterone which could result in a higher serum level.,,
Testosterone cypionate,Cefotaxime may decrease the excretion rate of Testosterone cypionate which could result in a higher serum level.,,
Testosterone enanthate,Cefotaxime may decrease the excretion rate of Testosterone enanthate which could result in a higher serum level.,,
Testosterone propionate,Cefotaxime may decrease the excretion rate of Testosterone propionate which could result in a higher serum level.,,
Testosterone undecanoate,Cefotaxime may decrease the excretion rate of Testosterone undecanoate which could result in a higher serum level.,,
Tetracycline,Cefotaxime may decrease the excretion rate of Tetracycline which could result in a higher serum level.,,
Tetradecyl hydrogen sulfate (ester),Cefotaxime may decrease the excretion rate of Tetradecyl hydrogen sulfate (ester) which could result in a higher serum level.,,
Thiabendazole,Cefotaxime may decrease the excretion rate of Thiabendazole which could result in a higher serum level.,,
Thiamylal,The therapeutic efficacy of Thiamylal can be decreased when used in combination with Cefotaxime.,,
Thiethylperazine,Cefotaxime may decrease the excretion rate of Thiethylperazine which could result in a higher serum level.,,
Thiopental,The therapeutic efficacy of Thiopental can be decreased when used in combination with Cefotaxime.,,
Tiagabine,The therapeutic efficacy of Tiagabine can be decreased when used in combination with Cefotaxime.,,
Tiaprofenic acid,The risk or severity of nephrotoxicity can be increased when Cefotaxime is combined with Tiaprofenic acid.,,
Ticagrelor,The therapeutic efficacy of Ticagrelor can be decreased when used in combination with Cefotaxime.,,
Ticlopidine,Cefotaxime may decrease the excretion rate of Ticlopidine which could result in a higher serum level.,,
Tiludronic acid,The risk or severity of nephrotoxicity and hypocalcemia can be increased when Cefotaxime is combined with Tiludronic acid.,,
Timolol,Cefotaxime may decrease the excretion rate of Timolol which could result in a higher serum level.,,
Tinidazole,Cefotaxime may decrease the excretion rate of Tinidazole which could result in a higher serum level.,,
Tinzaparin,The therapeutic efficacy of Tinzaparin can be decreased when used in combination with Cefotaxime.,,
Tiopronin,Cefotaxime may decrease the excretion rate of Tiopronin which could result in a higher serum level.,,
Tiotropium,Cefotaxime may decrease the excretion rate of Tiotropium which could result in a higher serum level.,,
Tirofiban,Cefotaxime may decrease the excretion rate of Tirofiban which could result in a higher serum level.,,
Tixocortol,Cefotaxime may decrease the excretion rate of Tixocortol which could result in a higher serum level.,,
Tizanidine,The therapeutic efficacy of Tizanidine can be decreased when used in combination with Cefotaxime.,,
Tobramycin,The risk or severity of nephrotoxicity can be increased when Cefotaxime is combined with Tobramycin.,,
Tocopherol,Cefotaxime may decrease the excretion rate of Tocopherol which could result in a higher serum level.,,
Tolazamide,Cefotaxime may decrease the excretion rate of Tolazamide which could result in a higher serum level.,,
Tolbutamide,Cefotaxime may decrease the excretion rate of Tolbutamide which could result in a higher serum level.,,
Tolcapone,Cefotaxime may decrease the excretion rate of Tolcapone which could result in a higher serum level.,,
Tolfenamic Acid,The risk or severity of nephrotoxicity can be increased when Cefotaxime is combined with Tolfenamic Acid.,,
Tolmetin,The risk or severity of nephrotoxicity can be increased when Cefotaxime is combined with Tolmetin.,,
Tolterodine,Cefotaxime may decrease the excretion rate of Tolterodine which could result in a higher serum level.,,
Topiramate,Cefotaxime may decrease the excretion rate of Topiramate which could result in a higher serum level.,,
Topotecan,Cefotaxime may decrease the excretion rate of Topotecan which could result in a higher serum level.,,
Tositumomab,Cefotaxime may decrease the excretion rate of Tositumomab which could result in a higher serum level.,,
Tramadol,Cefotaxime may decrease the excretion rate of Tramadol which could result in a higher serum level.,,
Trametinib,Cefotaxime may decrease the excretion rate of Trametinib which could result in a higher serum level.,,
Triazolam,Cefotaxime may decrease the excretion rate of Triazolam which could result in a higher serum level.,,
Triethylenetetramine,Cefotaxime may decrease the excretion rate of Triethylenetetramine which could result in a higher serum level.,,
Trifluridine,Cefotaxime may decrease the excretion rate of Trifluridine which could result in a higher serum level.,,
Trimebutine,Cefotaxime may decrease the excretion rate of Trimebutine which could result in a higher serum level.,,
Trimethadione,The therapeutic efficacy of Trimethadione can be decreased when used in combination with Cefotaxime.,,
Trimethoprim,Cefotaxime may decrease the excretion rate of Trimethoprim which could result in a higher serum level.,,
Trimetrexate,Cefotaxime may decrease the excretion rate of Trimetrexate which could result in a higher serum level.,,
Tropisetron,Cefotaxime may decrease the excretion rate of Tropisetron which could result in a higher serum level.,,
Typhoid vaccine,The therapeutic efficacy of Typhoid vaccine can be decreased when used in combination with Cefotaxime.,,
Typhoid Vaccine Live Ty21a,The therapeutic efficacy of Typhoid Vaccine Live Ty21a can be decreased when used in combination with Cefotaxime.,,
Urokinase,The therapeutic efficacy of Urokinase can be decreased when used in combination with Cefotaxime.,,
Vaborbactam,Cefotaxime may decrease the excretion rate of Vaborbactam which could result in a higher serum level.,,
Vaccinia virus strain new york city board of health live antigen,The therapeutic efficacy of Vaccinia virus strain new york city board of health live antigen can be decreased when used in combination with Cefotaxime.,,
Valaciclovir,Cefotaxime may decrease the excretion rate of Valaciclovir which could result in a higher serum level.,,
Valbenazine,Cefotaxime may decrease the excretion rate of Valbenazine which could result in a higher serum level.,,
Valdecoxib,The risk or severity of nephrotoxicity can be increased when Cefotaxime is combined with Valdecoxib.,,
Valganciclovir,Cefotaxime may decrease the excretion rate of Valganciclovir which could result in a higher serum level.,,
Valproic Acid,The excretion of Valproic Acid can be decreased when combined with Cefotaxime.,,
Vancomycin,Cefotaxime may decrease the excretion rate of Vancomycin which could result in a higher serum level.,,
Varenicline,Cefotaxime may decrease the excretion rate of Varenicline which could result in a higher serum level.,,
Varicella Zoster Vaccine (Live/Attenuated),The therapeutic efficacy of Varicella Zoster Vaccine (Live/Attenuated) can be decreased when used in combination with Cefotaxime.,,
Venlafaxine,Cefotaxime may decrease the excretion rate of Venlafaxine which could result in a higher serum level.,,
Verapamil,Cefotaxime may decrease the excretion rate of Verapamil which could result in a higher serum level.,,
Vibrio cholerae CVD 103-HgR strain live antigen,The therapeutic efficacy of Vibrio cholerae CVD 103-HgR strain live antigen can be decreased when used in combination with Cefotaxime.,,
Vigabatrin,The therapeutic efficacy of Vigabatrin can be decreased when used in combination with Cefotaxime.,,
Vilanterol,Cefotaxime may decrease the excretion rate of Vilanterol which could result in a higher serum level.,,
Viloxazine,Cefotaxime may decrease the excretion rate of Viloxazine which could result in a higher serum level.,,
Vorapaxar,The therapeutic efficacy of Vorapaxar can be decreased when used in combination with Cefotaxime.,,
Vortioxetine,Cefotaxime may decrease the excretion rate of Vortioxetine which could result in a higher serum level.,,
Warfarin,Cefotaxime may decrease the excretion rate of Warfarin which could result in a higher serum level.,,
Ximelagatran,The therapeutic efficacy of Ximelagatran can be decreased when used in combination with Cefotaxime.,,
Yellow Fever Vaccine,The therapeutic efficacy of Yellow Fever Vaccine can be decreased when used in combination with Cefotaxime.,,
Zalcitabine,The excretion of Zalcitabine can be decreased when combined with Cefotaxime.,,
Zaleplon,Cefotaxime may decrease the excretion rate of Zaleplon which could result in a higher serum level.,,
Zanamivir,Cefotaxime may decrease the excretion rate of Zanamivir which could result in a higher serum level.,,
Zidovudine,The excretion of Zidovudine can be decreased when combined with Cefotaxime.,,
Zinc citrate,The therapeutic efficacy of Zinc citrate can be decreased when used in combination with Cefotaxime.,,
Zoledronic acid,The risk or severity of nephrotoxicity and hypocalcemia can be increased when Cefotaxime is combined with Zoledronic acid.,,
Zonisamide,Cefotaxime may decrease the excretion rate of Zonisamide which could result in a higher serum level.,,
